<?xml version="1.0" encoding="UTF-8" standalone="no"?>

<network title="Short-pass Network">
    <population id="CN" title="Cochlear Nucleus" type="Poisson">
        <param name="size">25</param>
        <param name="mu"><range start="350" end="500" step="50" /></param>
        <param name="accept_input">true</param>
    </population>

    <population id="SI" title="Sustained Inhibition" type="aEIF">
        <param name="size">10</param>
        <param name="C" sigma="5">220</param>
        <param name="a" sigma="0">40</param>
        <param name="b" sigma="2">10</param>
        <param name="tauw" sigma="0">250</param>
        <param name="EL" sigma="0">-65</param>
        <param name="VR" sigma="0">-63</param>
        <param name="VT" sigma="1">-52</param>
    </population>

    <population id="ON" title="Onset" type="aEIF">
        <param name="size">10</param>
        <param name="C" sigma="5">200</param>
        <param name="a" sigma="0">10</param>
        <param name="b" sigma="0">400</param>
        <param name="tauw" sigma="0">100</param>
        <param name="EL" sigma="0">-53</param>
        <param name="VR" sigma="0">-54</param>
        <param name="VT" sigma="1">-50</param>
    </population>

    <population id="ONDelay" title="Delayed Onset" type="aEIF">
        <param name="size">10</param>
        <param name="C" sigma="5">250</param>
        <param name="a" sigma="0">10</param>
        <param name="b" sigma="0">100</param>
        <param name="tauw" sigma="0">100</param>
        <param name="EL" sigma="0">-52</param>
        <param name="VR" sigma="0">-49</param>
        <param name="VT" sigma="1">-50</param>
    </population>

    <population id="OFF" title="Offset" type="aEIF">
        <param name="size">10</param>
        <param name="C" sigma="5">250</param>
        <param name="a" sigma="2">200</param>
        <param name="b" sigma="0">1000</param>
        <param name="tauw" sigma="0">10</param>
        <param name="EL" sigma="0">-58</param>
        <param name="VR" sigma="0">-62</param>
        <param name="VT" sigma="0">-55</param>
    </population>

    <population id="DTN" title="Duration Tuned Neuron" type="aEIF">
        <param name="size">1</param>
        <param name="C" sigma="0">280</param>
        <param name="a" sigma="0">4</param>
        <param name="b" sigma="0">1</param>
        <param name="tauw" sigma="0">30</param>
        <param name="EL" sigma="0">-55</param>
        <param name="VR" sigma="0">-46</param>
        <param name="VT" sigma="0">-48</param>
    </population>

    <connection>
        <param name="from">CN</param> 
        <param name="to">SI</param>
        <param name="weight">7</param>
        <param name="delay">1</param>
        <param name="density">1</param>
        <param name="symmetric">false</param>
    </connection>
    <connection>
        <param name="from">CN</param> 
        <param name="to">ON</param>
        <param name="weight">3</param>
        <param name="delay">1</param>
        <param name="density">1</param>
        <param name="symmetric">false</param>
    </connection>
    <connection>
        <param name="from">SI</param> 
        <param name="to">ON</param>
        <param name="weight">-3</param>
        <param name="delay">1</param>
        <param name="density">1</param>
        <param name="symmetric">false</param>
    </connection>
    <connection>
        <param name="from">SI</param> 
        <param name="to">DTN</param>
        <param name="weight">-5</param>
        <param name="delay">1</param>
        <param name="density">1</param>
        <param name="symmetric">false</param>
    </connection>
    <connection>
        <param name="from">ON</param> 
        <param name="to">ONDelay</param>
        <param name="weight">3</param>
        <param name="delay">1</param>
        <param name="density">1</param>
        <param name="symmetric">false</param>
    </connection>
    <connection>
        <param name="from">SI</param> 
        <param name="to">OFF</param>
        <param name="weight">-6</param>
        <param name="delay">1</param>
        <param name="density">1</param>
        <param name="symmetric">false</param>
    </connection>
    <connection>
        <param name="from">OFF</param> 
        <param name="to">DTN</param>
        <param name="weight">3</param>
        <param name="delay">1</param>
        <param name="density">1</param>
        <param name="symmetric">false</param>
    </connection>
    <connection>
        <param name="from">ONDelay</param> 
        <param name="to">DTN</param>
        <param name="weight">4</param>
        <param name="delay">1</param>
        <param name="density">1</param>
        <param name="symmetric">false</param>
    </connection>
</network>


